review,Sentiment
Great sound quality and comfortable fit!,Positive
The battery life is much shorter than expected.,Negative
I love these earbuds. They are perfect for workouts.,Positive
"Terrible experience, the sound cuts off frequently.",Negative
Highly recommend these for anyone who loves music!,Positive
They are uncomfortable after a long period of use.,Negative
Amazing clarity and bass. Worth every penny!,Positive
Very disappointed. They broke after just a week.,Negative
"Fantastic sound, and they stay in place during exercise.",Positive
The charging case feels cheap and fragile.,Negative
"Good value for money, but could be louder.",Positive
These earbuds hurt my ears after a while.,Negative
Perfect for commuting. Great noise isolation.,Positive
"The sound is okay, but the fit isnâ€™t great.",Negative
Excellent purchase! Sound and comfort are superb.,Positive
Battery died after two hours. Not great.,Negative
Love these! They look great and sound even better.,Positive
Broke within a month of use. Not durable.,Negative
The Bluetooth connection is stable and quick.,Positive
A bit overpriced for the quality.,Negative
